Date,Ward,Temp,Humidity,Rainfall,Wind_Speed,Dew_Point
2024-01-01,Ward-1,40.8,55.4,42.4,31.9,13.2
2024-01-01,Ward-10,33.6,83.1,64.7,23.5,8.5
2024-01-02,Ward-10,13.0,75.1,112.9,42.1,27.1
2024-01-03,Ward-8,41.9,81.8,25.0,32.1,16.9
2024-01-03,Ward-5,38.0,86.7,113.1,15.2,8.0
2024-01-03,Ward-8,15.7,44.3,78.3,13.3,5.4
2024-01-03,Ward-7,12.4,20.6,36.6,29.3,14.4
2024-01-04,Ward-2,32.8,45.4,97.2,29.8,23.5
2024-01-04,Ward-7,15.5,38.3,151.0,11.7,9.1
2024-01-04,Ward-5,30.5,26.5,41.4,31.7,28.9
2024-01-05,Ward-1,14.3,47.0,12.2,36.8,20.7
2024-01-05,Ward-6,32.5,45.8,54.9,0.8,24.0
2024-01-09,Ward-4,15.4,85.1,171.6,0.6,27.7
2024-01-09,Ward-3,26.3,73.4,82.4,34.0,14.5
2024-01-09,Ward-3,39.3,21.8,194.9,18.7,7.4
2024-01-09,Ward-7,20.4,35.8,135.8,46.3,23.6
2024-01-09,Ward-5,14.2,66.2,96.0,37.6,28.8
2024-01-09,Ward-6,37.8,45.4,33.0,17.5,9.9
2024-01-09,Ward-9,14.1,82.0,5.0,3.9,23.4
2024-01-09,Ward-6,13.7,57.8,79.6,19.5,5.2
2024-01-10,Ward-1,19.0,35.3,49.9,31.5,5.5
2024-01-10,Ward-1,14.3,20.8,193.4,4.7,22.9
2024-01-10,Ward-7,32.2,26.1,154.2,25.2,17.7
2024-01-13,Ward-1,16.2,71.1,195.0,37.1,28.3
2024-01-13,Ward-7,40.9,68.1,122.6,33.4,21.8
2024-01-16,Ward-9,40.5,41.0,125.1,9.5,6.6
2024-01-17,Ward-7,21.7,69.0,30.2,4.9,19.6
2024-01-18,Ward-6,13.5,38.2,70.6,18.6,22.3
2024-01-18,Ward-1,15.8,55.8,133.5,32.9,22.5
2024-01-19,Ward-7,32.4,54.5,70.7,28.6,6.3
2024-01-20,Ward-10,41.3,43.1,119.9,29.3,14.1
2024-01-21,Ward-6,41.6,92.4,100.6,42.9,27.8
2024-01-22,Ward-10,29.7,22.0,187.5,14.3,28.7
2024-01-22,Ward-1,19.1,91.2,95.4,44.2,27.6
2024-01-22,Ward-3,28.2,71.8,72.6,26.2,13.1
2024-01-24,Ward-10,27.7,34.6,58.1,28.9,18.9
2024-01-24,Ward-9,16.4,42.2,30.3,28.1,23.0
2024-01-24,Ward-4,34.3,77.3,115.9,42.9,18.4
2024-01-24,Ward-10,32.4,35.4,165.3,41.0,29.0
2024-01-24,Ward-4,26.3,76.8,187.2,30.0,13.4
2024-01-24,Ward-4,35.3,58.3,168.2,21.5,8.1
2024-01-25,Ward-5,33.5,22.8,148.0,29.8,6.9
2024-01-27,Ward-2,17.8,26.5,128.3,8.5,29.2
2024-01-27,Ward-2,11.5,38.7,178.0,11.0,20.4
2024-01-27,Ward-7,36.4,67.8,134.9,18.0,22.0
2024-01-28,Ward-9,10.3,50.5,9.5,15.0,18.2
2024-01-28,Ward-8,39.2,62.4,40.8,25.6,6.5
2024-01-29,Ward-3,33.8,54.4,108.8,44.5,29.6
2024-01-29,Ward-5,10.5,55.2,142.1,20.3,13.7
2024-01-30,Ward-6,34.7,25.4,72.3,30.3,5.3
2024-01-30,Ward-8,14.6,32.1,164.3,17.1,11.6
2024-01-31,Ward-4,26.6,39.0,97.4,14.7,25.0
2024-01-31,Ward-5,27.6,27.4,184.7,19.4,25.6
2024-02-01,Ward-2,17.1,46.3,134.8,28.0,7.5
2024-02-02,Ward-8,33.2,49.0,97.0,36.7,22.0
2024-02-02,Ward-3,39.4,42.0,129.7,21.0,19.8
2024-02-03,Ward-1,32.8,34.8,147.9,15.4,25.7
2024-02-03,Ward-9,11.7,69.4,78.5,45.0,11.1
2024-02-04,Ward-1,13.7,71.9,199.4,7.4,22.5
2024-02-04,Ward-4,13.9,64.3,46.7,2.2,21.9
2024-02-04,Ward-4,39.0,45.1,111.0,9.2,9.9
2024-02-05,Ward-9,24.5,80.8,86.7,49.9,8.7
2024-02-05,Ward-2,31.3,86.4,81.7,32.5,19.8
2024-02-06,Ward-2,26.5,69.6,156.9,33.2,27.6
2024-02-06,Ward-8,38.9,41.9,106.4,40.1,15.8
2024-02-07,Ward-9,20.6,93.6,186.7,12.0,6.5
2024-02-07,Ward-10,23.0,36.1,86.1,37.2,11.4
2024-02-07,Ward-10,11.5,35.7,77.6,46.2,30.0
2024-02-07,Ward-8,21.9,33.7,57.1,32.4,15.9
2024-02-07,Ward-4,31.9,31.4,178.6,26.7,7.0
2024-02-08,Ward-5,27.3,74.8,91.0,16.2,15.7
2024-02-08,Ward-8,29.1,40.9,59.5,3.7,8.7
2024-02-09,Ward-6,39.3,30.3,55.6,21.0,16.3
2024-02-09,Ward-7,24.2,93.6,106.3,48.6,10.9
2024-02-09,Ward-4,11.3,34.2,21.5,42.6,27.9
2024-02-09,Ward-7,28.8,67.0,37.6,9.4,18.6
2024-02-10,Ward-9,24.9,20.8,126.9,27.4,19.1
2024-02-10,Ward-3,23.3,21.5,152.4,8.1,9.7
2024-02-10,Ward-8,13.1,94.1,164.1,48.1,21.6
2024-02-11,Ward-8,27.9,51.0,43.8,48.7,16.2
2024-02-11,Ward-3,28.7,85.2,90.7,8.8,10.8
2024-02-12,Ward-1,16.5,78.1,46.9,26.2,13.0
2024-02-12,Ward-1,40.0,64.9,28.4,15.2,8.0
2024-02-13,Ward-3,30.4,43.9,41.5,10.6,17.1
2024-02-13,Ward-1,16.9,68.2,10.1,36.6,18.1
2024-02-13,Ward-6,38.2,42.4,120.6,8.6,13.8
2024-02-14,Ward-9,26.8,60.1,110.1,2.4,28.5
2024-02-15,Ward-2,37.3,66.1,55.9,40.5,15.2
2024-02-15,Ward-8,34.2,55.7,89.1,40.2,27.7
2024-02-17,Ward-5,10.6,48.8,186.0,31.6,7.1
2024-02-18,Ward-5,22.2,22.8,71.7,13.1,21.4
2024-02-18,Ward-9,24.1,73.0,134.6,12.3,14.3
2024-02-19,Ward-10,19.4,75.9,66.6,48.7,21.2
2024-02-19,Ward-9,35.7,66.9,97.3,19.1,25.9
2024-02-19,Ward-10,40.9,32.3,29.1,40.0,12.3
2024-02-20,Ward-7,13.2,79.1,64.2,3.0,26.6
2024-02-20,Ward-6,10.0,29.9,21.4,29.5,21.0
2024-02-21,Ward-3,33.6,89.4,79.5,42.5,12.9
2024-02-21,Ward-7,17.9,79.5,165.2,27.4,12.7
2024-02-21,Ward-6,28.8,41.5,13.8,21.4,9.3
2024-02-22,Ward-3,21.3,64.0,123.1,32.5,26.6
2024-02-24,Ward-9,15.0,51.6,11.5,17.6,22.3
2024-02-24,Ward-7,15.4,73.5,26.1,46.5,17.2
2024-02-25,Ward-2,18.1,30.2,178.8,39.0,11.9
2024-02-25,Ward-2,23.6,36.0,37.0,22.4,6.3
2024-02-26,Ward-8,14.7,92.8,125.7,19.6,15.2
2024-02-26,Ward-1,24.0,40.4,88.0,47.7,28.8
2024-02-26,Ward-4,16.5,39.4,9.3,1.6,9.5
2024-02-27,Ward-4,25.2,43.6,120.7,43.6,27.8
2024-02-27,Ward-10,35.7,82.0,70.2,38.2,29.2
2024-02-29,Ward-3,31.8,43.7,7.2,34.4,12.4
2024-03-01,Ward-6,10.9,39.2,80.0,10.4,9.6
2024-03-01,Ward-4,34.7,30.0,7.1,5.8,9.5
2024-03-02,Ward-1,32.4,71.8,140.9,46.8,16.6
2024-03-02,Ward-6,41.5,59.3,180.3,1.1,24.9
2024-03-03,Ward-9,24.0,25.4,51.6,23.0,26.8
2024-03-03,Ward-10,32.7,37.3,29.6,24.3,26.4
2024-03-03,Ward-5,17.3,43.6,185.0,21.5,23.7
2024-03-03,Ward-5,14.4,63.4,117.9,35.5,12.6
2024-03-04,Ward-1,22.4,66.4,64.1,39.6,10.7
2024-03-06,Ward-2,36.2,49.7,142.5,22.9,11.0
2024-03-06,Ward-1,18.5,94.5,156.4,11.1,26.3
2024-03-06,Ward-2,36.4,31.2,34.8,27.5,5.7
2024-03-06,Ward-6,29.6,51.1,74.8,4.1,27.0
2024-03-07,Ward-1,22.1,63.1,19.9,41.3,21.7
2024-03-08,Ward-8,40.6,57.3,6.8,6.1,22.5
2024-03-09,Ward-1,34.2,57.6,123.3,8.3,29.8
2024-03-09,Ward-1,35.5,69.1,126.7,37.6,15.6
2024-03-09,Ward-5,10.6,32.5,14.6,47.5,18.0
2024-03-09,Ward-2,21.3,72.3,120.6,28.8,13.7
2024-03-09,Ward-4,10.8,20.7,40.6,39.5,22.7
2024-03-09,Ward-5,39.1,47.0,97.3,28.9,20.4
2024-03-10,Ward-8,14.1,84.2,125.1,2.2,27.2
2024-03-10,Ward-8,30.6,85.6,142.9,46.4,27.8
2024-03-10,Ward-1,37.8,51.0,191.5,5.3,6.9
2024-03-11,Ward-8,17.5,43.6,116.3,45.4,13.8
2024-03-11,Ward-9,16.5,66.9,110.1,24.4,28.7
2024-03-11,Ward-8,32.7,86.5,68.9,12.4,19.9
2024-03-12,Ward-1,19.6,39.7,52.2,40.2,24.4
2024-03-12,Ward-7,27.2,27.6,49.9,37.6,14.9
2024-03-12,Ward-5,38.5,30.0,156.0,13.6,12.1
2024-03-13,Ward-9,40.5,70.4,127.2,15.8,13.3
2024-03-14,Ward-4,38.0,66.0,7.9,45.8,23.8
2024-03-14,Ward-1,20.6,59.2,35.3,12.0,9.5
2024-03-15,Ward-4,32.4,26.9,153.5,42.8,14.2
2024-03-15,Ward-7,33.2,36.3,12.4,24.0,20.4
2024-03-15,Ward-2,41.4,76.9,156.6,9.3,16.0
2024-03-15,Ward-4,39.3,25.7,76.4,23.1,8.0
2024-03-16,Ward-7,23.3,75.2,68.7,40.4,14.1
2024-03-17,Ward-1,14.8,75.3,191.1,45.6,30.0
2024-03-17,Ward-3,20.4,64.2,82.4,0.5,17.0
2024-03-18,Ward-2,25.0,52.6,170.8,2.1,19.9
2024-03-19,Ward-5,22.3,66.5,5.0,32.3,28.8
2024-03-19,Ward-2,19.2,61.1,133.3,11.2,27.0
2024-03-20,Ward-9,27.1,35.5,101.1,20.4,29.8
2024-03-21,Ward-5,10.7,84.7,81.4,36.4,17.3
2024-03-22,Ward-8,33.4,39.3,152.6,41.0,14.6
2024-03-22,Ward-3,24.6,90.7,125.2,22.2,28.8
2024-03-22,Ward-7,15.4,70.3,137.5,9.0,28.2
2024-03-23,Ward-6,10.2,73.4,91.4,34.9,28.5
2024-03-23,Ward-8,31.2,51.4,177.7,15.9,27.1
2024-03-23,Ward-7,27.8,75.2,132.1,21.3,26.5
2024-03-23,Ward-7,11.8,68.0,169.3,17.4,11.7
2024-03-24,Ward-6,27.5,94.7,64.2,16.6,21.0
2024-03-24,Ward-7,19.2,43.0,72.1,23.1,15.4
2024-03-25,Ward-9,24.3,72.6,15.0,34.1,23.5
2024-03-26,Ward-3,35.1,27.5,95.8,30.2,27.3
2024-03-27,Ward-2,28.7,71.9,173.0,12.9,13.5
2024-03-28,Ward-7,30.5,33.2,157.6,20.0,19.5
2024-03-29,Ward-9,14.0,63.8,175.6,22.8,19.3
2024-03-29,Ward-6,24.7,71.8,104.6,35.5,27.4
2024-03-30,Ward-1,16.3,57.9,12.5,23.7,21.4
2024-03-31,Ward-5,15.4,48.5,60.5,23.7,16.7
2024-03-31,Ward-6,23.1,51.4,31.0,15.4,6.1
2024-04-02,Ward-10,14.6,44.0,4.9,12.2,5.1
2024-04-03,Ward-2,36.4,37.5,62.4,17.1,27.3
2024-04-03,Ward-9,30.4,20.3,39.3,4.3,23.7
2024-04-05,Ward-4,37.8,71.7,9.5,2.0,6.5
2024-04-06,Ward-8,17.2,67.6,11.1,3.6,12.1
2024-04-07,Ward-2,23.4,85.1,16.1,30.5,12.1
2024-04-08,Ward-3,30.4,57.8,16.1,28.5,25.3
2024-04-08,Ward-10,37.3,67.2,83.9,38.5,29.3
2024-04-09,Ward-9,17.2,20.8,132.9,0.1,27.9
2024-04-09,Ward-4,12.6,76.2,29.4,0.6,9.4
2024-04-10,Ward-5,14.3,49.3,139.2,41.8,26.4
2024-04-10,Ward-3,12.4,82.9,163.1,24.6,8.2
2024-04-11,Ward-3,23.1,56.6,76.9,23.4,7.1
2024-04-12,Ward-4,36.5,81.9,113.9,35.3,27.0
2024-04-13,Ward-9,40.4,89.1,29.2,47.0,10.7
2024-04-13,Ward-3,19.9,44.9,82.4,13.8,26.2
2024-04-13,Ward-8,32.0,77.8,34.0,1.8,13.7
2024-04-15,Ward-4,27.8,86.2,63.9,25.7,13.0
2024-04-16,Ward-2,23.1,28.5,146.0,40.5,27.2
2024-04-16,Ward-7,36.7,54.9,34.5,31.5,20.7
2024-04-17,Ward-9,24.9,40.7,188.3,41.4,6.9
2024-04-18,Ward-7,37.7,64.8,43.2,24.0,26.0
2024-04-18,Ward-8,30.1,65.3,29.1,33.4,21.9
2024-04-18,Ward-8,32.8,47.3,69.0,27.1,24.6
2024-04-19,Ward-2,12.0,65.9,55.8,5.0,6.5
2024-04-19,Ward-7,22.4,28.0,168.9,36.1,7.4
2024-04-19,Ward-1,16.7,87.8,148.6,14.8,15.7
2024-04-19,Ward-4,28.6,65.4,139.2,42.3,16.2
2024-04-20,Ward-10,25.6,87.0,98.8,16.3,9.0
2024-04-22,Ward-3,14.1,62.8,20.3,46.2,6.3
2024-04-22,Ward-3,38.0,27.5,95.2,31.9,7.1
2024-04-23,Ward-6,12.6,73.2,64.7,9.2,29.4
2024-04-24,Ward-8,30.9,60.8,78.7,48.0,16.7
2024-04-25,Ward-7,15.7,77.8,149.5,36.1,13.8
2024-04-25,Ward-6,41.4,22.6,164.2,12.5,19.2
2024-04-26,Ward-9,11.8,38.9,168.0,34.2,24.6
2024-04-26,Ward-6,40.0,21.8,16.2,22.6,25.5
2024-04-26,Ward-8,19.4,30.1,177.1,28.9,27.8
2024-04-26,Ward-2,22.3,27.7,38.9,8.3,21.6
2024-04-26,Ward-9,21.5,45.1,184.6,4.0,16.9
2024-04-27,Ward-9,22.4,47.7,9.3,47.5,19.6
2024-04-27,Ward-3,27.6,34.6,149.0,27.7,23.8
2024-04-28,Ward-9,39.7,39.6,151.3,35.7,10.0
2024-04-28,Ward-4,31.9,40.7,153.6,43.4,12.7
2024-04-28,Ward-4,28.3,28.9,137.0,48.8,29.8
2024-04-29,Ward-10,13.4,78.1,173.5,6.6,24.3
2024-05-01,Ward-7,40.2,44.7,25.2,23.4,23.0
2024-05-01,Ward-2,17.3,36.7,32.8,13.2,5.0
2024-05-01,Ward-4,18.6,33.1,77.8,33.3,9.3
2024-05-01,Ward-1,30.2,49.2,170.6,5.1,24.2
2024-05-02,Ward-1,24.2,63.3,150.0,44.3,14.9
2024-05-02,Ward-8,32.2,33.5,172.4,20.0,25.4
2024-05-02,Ward-8,19.5,74.6,76.8,24.3,14.9
2024-05-04,Ward-6,39.8,87.7,190.9,49.2,22.7
2024-05-04,Ward-3,20.5,30.4,26.3,24.9,5.5
2024-05-04,Ward-4,39.7,38.7,183.5,46.0,17.5
2024-05-05,Ward-8,17.2,58.1,81.0,10.2,18.4
2024-05-06,Ward-2,28.7,25.8,86.1,36.1,25.6
2024-05-06,Ward-2,32.3,84.8,176.3,33.8,11.4
2024-05-06,Ward-6,16.7,53.7,65.4,21.3,25.5
2024-05-06,Ward-4,30.1,23.4,74.2,22.3,16.4
2024-05-08,Ward-5,30.6,84.1,191.7,10.6,18.9
2024-05-08,Ward-10,17.3,30.0,111.4,0.3,8.2
2024-05-08,Ward-3,12.0,78.7,135.4,25.4,15.1
2024-05-09,Ward-5,10.5,77.3,97.1,0.6,9.2
2024-05-10,Ward-1,38.1,81.4,28.2,28.8,18.9
2024-05-10,Ward-5,28.0,78.5,40.1,38.3,10.4
2024-05-10,Ward-8,37.6,93.2,119.5,27.7,6.7
2024-05-11,Ward-6,35.9,92.3,123.9,36.2,20.9
2024-05-11,Ward-5,31.0,55.4,89.0,31.4,18.9
2024-05-12,Ward-4,16.8,20.1,183.9,17.3,12.9
2024-05-13,Ward-5,19.2,50.8,183.2,17.0,24.4
2024-05-14,Ward-3,38.9,27.6,97.7,34.8,18.9
2024-05-15,Ward-6,34.5,27.9,166.0,9.7,23.2
2024-05-16,Ward-8,25.0,82.9,174.1,12.2,21.3
2024-05-16,Ward-9,16.9,45.8,194.5,20.0,21.6
2024-05-17,Ward-7,29.2,23.1,46.8,45.3,11.9
2024-05-17,Ward-2,19.8,37.0,13.5,5.9,27.7
2024-05-18,Ward-7,41.1,75.2,72.3,32.6,10.3
2024-05-19,Ward-3,21.4,29.8,1.4,48.2,27.5
2024-05-19,Ward-1,10.2,54.4,186.8,23.8,21.2
2024-05-20,Ward-4,12.3,36.5,149.5,38.3,26.7
2024-05-20,Ward-3,21.0,60.6,122.0,38.6,14.8
2024-05-20,Ward-3,26.8,59.3,29.7,42.3,20.4
2024-05-20,Ward-4,17.3,28.9,166.5,44.6,12.3
2024-05-22,Ward-6,41.4,57.9,7.0,20.7,5.2
2024-05-24,Ward-7,25.7,29.6,135.3,38.7,29.6
2024-05-24,Ward-4,10.9,44.8,21.7,7.0,16.2
2024-05-25,Ward-7,31.0,61.3,70.2,47.0,24.3
2024-05-25,Ward-3,11.1,78.4,141.4,43.3,17.8
2024-05-25,Ward-8,32.0,80.8,17.6,23.3,19.1
2024-05-25,Ward-8,25.6,53.9,105.6,37.4,10.4
2024-05-26,Ward-8,14.3,93.2,1.2,16.0,11.8
2024-05-26,Ward-2,16.7,59.9,190.6,45.7,6.0
2024-05-26,Ward-5,38.5,94.7,19.8,42.5,5.8
2024-05-26,Ward-8,20.9,50.4,50.2,38.5,7.3
2024-05-27,Ward-9,18.4,56.3,104.3,1.0,16.4
2024-05-27,Ward-8,27.7,78.9,163.3,34.6,10.7
2024-05-28,Ward-5,14.8,47.7,31.4,32.9,24.0
2024-05-29,Ward-1,10.6,58.8,153.3,47.0,28.2
2024-05-30,Ward-2,34.6,85.7,103.4,49.3,25.6
2024-05-31,Ward-3,38.1,92.0,8.3,22.7,22.5
2024-05-31,Ward-3,29.6,88.9,46.9,23.7,16.9
2024-06-02,Ward-9,14.9,84.9,10.4,16.7,27.9
2024-06-03,Ward-3,11.2,88.5,156.1,33.4,16.9
2024-06-03,Ward-8,26.4,25.1,8.4,30.7,5.3
2024-06-03,Ward-1,40.1,32.0,50.9,37.5,28.6
2024-06-03,Ward-1,23.9,65.7,99.3,43.8,22.6
2024-06-04,Ward-7,11.1,60.7,157.3,17.8,28.4
2024-06-04,Ward-5,32.9,62.4,118.5,19.1,7.6
2024-06-05,Ward-9,29.6,48.6,0.5,4.5,9.3
2024-06-05,Ward-4,30.8,35.3,22.2,42.4,22.9
2024-06-06,Ward-5,27.3,74.5,73.5,25.6,16.4
2024-06-06,Ward-7,11.9,51.6,108.2,19.4,13.6
2024-06-06,Ward-3,20.9,46.5,192.0,41.3,19.9
2024-06-07,Ward-9,15.3,63.1,122.1,41.0,20.8
2024-06-08,Ward-6,10.4,21.7,16.0,1.2,14.9
2024-06-09,Ward-10,32.9,92.9,1.4,6.5,28.1
2024-06-09,Ward-1,22.8,75.1,53.9,27.6,14.7
2024-06-09,Ward-4,25.0,71.6,131.3,32.8,9.7
2024-06-09,Ward-8,40.8,68.3,180.2,14.9,12.0
2024-06-10,Ward-10,12.6,66.5,9.5,39.4,6.9
2024-06-10,Ward-3,10.8,49.3,53.3,1.5,5.1
2024-06-11,Ward-7,28.5,45.7,89.3,45.2,21.5
2024-06-11,Ward-1,23.4,88.5,8.2,39.3,28.7
2024-06-11,Ward-10,27.7,39.3,154.3,33.2,21.2
2024-06-12,Ward-6,38.0,67.0,104.3,43.1,18.5
2024-06-14,Ward-1,28.6,84.7,134.9,26.6,9.7
2024-06-15,Ward-6,13.9,80.6,137.0,48.9,6.0
2024-06-16,Ward-8,35.7,67.8,6.8,48.1,26.1
2024-06-16,Ward-3,16.2,58.6,119.4,44.2,21.0
2024-06-17,Ward-1,32.2,76.0,47.4,32.7,15.2
2024-06-17,Ward-8,17.8,53.4,130.7,10.2,23.8
2024-06-18,Ward-8,18.7,86.1,183.5,7.0,25.7
2024-06-18,Ward-2,21.0,45.7,188.8,29.4,28.8
2024-06-19,Ward-6,33.7,80.7,78.7,30.8,18.5
2024-06-19,Ward-7,25.9,38.5,162.8,45.5,20.6
2024-06-19,Ward-6,35.1,20.2,136.0,19.7,16.6
2024-06-20,Ward-7,24.7,36.2,143.1,22.0,27.8
2024-06-20,Ward-9,33.9,73.3,64.8,35.6,14.1
2024-06-20,Ward-4,24.7,50.7,135.5,5.9,8.8
2024-06-21,Ward-1,38.2,45.6,97.2,14.6,24.2
2024-06-22,Ward-3,21.7,93.5,40.8,21.0,29.6
2024-06-23,Ward-1,20.4,53.5,4.8,32.2,12.5
2024-06-26,Ward-7,20.9,37.9,11.7,36.8,22.5
2024-06-26,Ward-4,20.0,69.3,54.7,46.8,7.3
2024-06-26,Ward-1,38.8,92.8,18.7,6.2,14.1
2024-06-26,Ward-7,11.6,56.0,50.3,46.0,11.1
2024-06-27,Ward-8,16.9,32.5,90.3,7.5,6.1
2024-06-27,Ward-3,16.8,72.4,190.6,34.5,8.9
2024-06-27,Ward-8,41.6,46.6,198.1,7.7,25.4
2024-06-28,Ward-4,38.0,56.8,79.4,21.2,30.0
2024-06-28,Ward-2,40.9,69.5,191.6,2.6,15.4
2024-06-28,Ward-1,19.7,31.9,168.6,20.0,5.6
2024-06-29,Ward-7,20.9,58.2,61.0,34.2,12.3
2024-06-29,Ward-8,24.4,48.2,143.3,8.3,20.6
2024-06-29,Ward-7,35.6,80.9,156.4,5.6,19.9
2024-06-30,Ward-4,35.2,86.1,194.8,27.8,18.9
2024-06-30,Ward-3,38.7,78.5,117.9,31.9,15.9
2024-07-01,Ward-9,11.3,38.2,110.9,16.9,8.5
2024-07-01,Ward-1,12.7,39.3,157.6,37.1,25.6
2024-07-03,Ward-9,25.3,80.9,98.5,36.1,25.4
2024-07-03,Ward-5,40.0,64.8,165.6,32.6,13.2
2024-07-03,Ward-7,11.2,29.1,79.3,44.2,15.5
2024-07-04,Ward-6,18.9,27.2,122.5,45.5,13.5
2024-07-05,Ward-2,27.6,85.2,97.6,41.9,17.3
2024-07-05,Ward-7,10.9,81.2,181.9,38.0,8.0
2024-07-05,Ward-3,10.8,48.1,153.3,33.0,11.0
2024-07-05,Ward-1,39.8,25.4,20.8,40.5,11.2
2024-07-06,Ward-9,11.6,64.5,8.6,44.4,5.8
2024-07-06,Ward-4,28.7,69.3,33.8,0.3,6.0
2024-07-06,Ward-6,29.2,91.3,112.4,2.8,18.8
2024-07-07,Ward-2,25.2,38.3,156.1,7.6,10.1
2024-07-08,Ward-3,37.7,74.0,105.7,11.9,28.4
2024-07-08,Ward-8,10.1,78.4,40.3,37.0,16.8
2024-07-08,Ward-6,34.0,56.5,80.1,44.1,22.2
2024-07-09,Ward-7,19.9,58.3,125.0,18.5,16.1
2024-07-10,Ward-5,19.1,54.7,6.3,46.4,29.7
2024-07-10,Ward-5,11.2,72.1,116.5,20.4,9.9
2024-07-11,Ward-3,14.3,92.7,130.6,6.8,8.7
2024-07-11,Ward-1,32.6,21.4,161.5,24.0,16.3
2024-07-12,Ward-1,21.1,74.8,103.7,21.6,28.4
2024-07-14,Ward-1,16.0,64.3,197.7,35.5,27.5
2024-07-14,Ward-8,32.4,69.0,171.7,32.8,14.8
2024-07-14,Ward-1,30.5,65.5,48.3,47.8,21.5
2024-07-14,Ward-10,19.6,62.5,120.2,9.6,12.5
2024-07-16,Ward-1,30.7,87.6,127.5,38.4,11.8
2024-07-16,Ward-10,28.4,60.6,171.4,9.0,7.7
2024-07-16,Ward-7,34.1,89.6,2.2,11.8,19.3
2024-07-16,Ward-10,31.3,81.2,23.0,34.0,20.9
2024-07-16,Ward-8,37.5,36.2,50.9,39.1,22.6
2024-07-16,Ward-6,23.5,42.0,158.3,30.3,16.5
2024-07-16,Ward-2,10.2,62.2,104.9,14.0,11.9
2024-07-17,Ward-8,24.9,81.9,26.1,30.4,16.7
2024-07-17,Ward-1,23.0,78.3,56.4,22.1,15.1
2024-07-17,Ward-10,38.5,52.9,101.3,39.1,9.7
2024-07-18,Ward-8,35.1,66.4,46.5,1.0,15.2
2024-07-18,Ward-3,37.8,85.5,114.1,26.7,21.7
2024-07-20,Ward-8,10.6,68.2,86.9,14.2,9.3
2024-07-20,Ward-9,37.6,75.6,51.8,29.8,15.0
2024-07-21,Ward-5,17.6,59.4,92.7,22.8,26.0
2024-07-21,Ward-10,31.6,25.1,164.8,16.6,19.8
2024-07-21,Ward-5,12.1,48.3,169.9,22.9,26.5
2024-07-21,Ward-8,38.7,50.8,165.2,47.3,23.0
2024-07-22,Ward-8,41.4,78.4,43.8,49.6,7.9
2024-07-22,Ward-3,28.3,80.4,180.8,5.8,24.0
2024-07-23,Ward-3,14.1,94.1,193.4,20.7,19.5
2024-07-24,Ward-10,18.1,66.4,59.5,13.3,13.9
2024-07-24,Ward-8,35.9,36.3,110.1,44.6,27.1
2024-07-25,Ward-6,23.2,21.0,17.6,47.4,16.8
2024-07-25,Ward-10,18.6,28.1,17.4,28.3,15.1
2024-07-25,Ward-5,17.5,64.7,56.4,4.7,17.2
2024-07-26,Ward-6,32.8,55.2,187.6,8.5,9.4
2024-07-26,Ward-6,30.4,70.4,105.6,4.8,7.8
2024-07-26,Ward-8,23.5,63.1,78.9,42.6,27.5
2024-07-27,Ward-6,25.8,52.8,177.3,8.3,14.6
2024-07-27,Ward-3,27.8,33.5,176.3,43.4,17.0
2024-07-27,Ward-5,18.8,34.5,35.2,49.8,6.4
2024-07-29,Ward-10,27.7,38.6,72.4,33.0,20.8
2024-07-30,Ward-2,28.6,94.5,123.1,15.6,5.9
2024-07-30,Ward-2,34.0,83.8,18.5,1.9,23.0
2024-07-31,Ward-1,37.7,66.3,30.1,32.4,7.2
2024-07-31,Ward-1,30.9,85.0,72.3,1.5,5.7
2024-08-01,Ward-8,13.5,76.2,101.3,46.9,29.2
2024-08-01,Ward-7,30.4,24.6,113.6,26.8,12.4
2024-08-03,Ward-8,36.9,30.0,171.9,35.1,22.8
2024-08-03,Ward-8,39.7,27.3,138.0,38.0,5.8
2024-08-04,Ward-6,15.9,64.6,195.5,20.2,12.4
2024-08-05,Ward-5,18.4,91.1,66.9,20.4,28.4
2024-08-05,Ward-7,11.4,23.0,1.8,42.7,29.5
2024-08-06,Ward-9,20.1,35.2,59.4,24.3,12.5
2024-08-07,Ward-3,25.6,45.5,199.3,4.1,27.4
2024-08-07,Ward-10,31.1,83.4,26.1,29.0,28.5
2024-08-07,Ward-3,35.8,70.3,143.1,34.4,29.0
2024-08-11,Ward-6,23.6,35.3,167.9,4.1,22.7
2024-08-11,Ward-4,20.1,53.2,84.8,8.0,23.3
2024-08-12,Ward-8,31.0,42.2,107.0,28.5,18.4
2024-08-12,Ward-10,38.2,42.6,51.2,9.3,17.6
2024-08-12,Ward-9,17.2,56.7,35.8,45.3,22.0
2024-08-13,Ward-7,28.4,31.8,110.3,19.9,11.9
2024-08-14,Ward-5,21.6,35.7,72.4,26.6,18.8
2024-08-15,Ward-7,29.2,54.6,68.1,21.4,16.9
2024-08-15,Ward-4,22.8,21.6,103.9,49.5,27.6
2024-08-15,Ward-6,21.1,22.5,196.1,11.6,9.2
2024-08-16,Ward-5,31.3,38.1,136.6,20.6,10.5
2024-08-16,Ward-6,33.0,39.6,93.0,20.6,16.9
2024-08-16,Ward-6,32.3,56.9,134.9,26.7,20.7
2024-08-16,Ward-2,11.3,56.4,59.5,43.2,23.8
2024-08-17,Ward-1,11.4,20.8,53.7,40.1,18.2
2024-08-17,Ward-2,30.5,65.5,57.8,49.9,10.0
2024-08-18,Ward-7,27.0,65.8,103.1,46.4,11.5
2024-08-18,Ward-4,21.7,55.7,8.8,49.6,23.8
2024-08-19,Ward-1,31.2,40.4,136.3,22.5,29.7
2024-08-19,Ward-7,12.0,38.5,175.6,0.2,21.1
2024-08-20,Ward-8,19.1,45.8,168.0,20.9,15.6
2024-08-21,Ward-5,32.4,57.0,119.9,19.5,21.1
2024-08-21,Ward-5,24.4,78.2,73.0,30.0,19.9
2024-08-22,Ward-9,16.9,81.8,72.2,10.7,29.4
2024-08-23,Ward-1,37.8,92.8,190.2,16.7,11.6
2024-08-23,Ward-8,11.1,68.4,111.6,21.5,24.9
2024-08-25,Ward-2,27.2,45.1,36.9,19.1,22.0
2024-08-27,Ward-8,34.6,90.6,161.4,34.7,18.1
2024-08-27,Ward-9,14.2,63.5,155.8,14.7,10.4
2024-08-27,Ward-4,25.1,30.6,109.8,2.2,18.2
2024-08-27,Ward-1,25.8,59.3,139.5,0.5,14.9
2024-08-28,Ward-7,18.9,24.6,147.8,46.0,11.2
2024-08-29,Ward-6,11.1,20.0,170.1,22.2,23.1
2024-08-29,Ward-5,35.3,93.5,176.4,5.6,21.1
2024-08-30,Ward-8,41.1,77.9,2.9,45.8,6.3
2024-08-30,Ward-4,12.4,69.2,165.9,4.6,16.8
2024-08-31,Ward-2,29.7,80.4,2.9,8.7,20.9
2024-08-31,Ward-3,23.5,68.0,90.9,19.3,5.5
2024-09-01,Ward-1,41.9,71.8,178.8,25.5,28.2
2024-09-02,Ward-7,27.1,49.3,109.7,35.5,19.5
2024-09-02,Ward-9,13.9,33.2,106.1,11.0,11.9
2024-09-03,Ward-3,11.4,40.2,98.3,42.8,24.0
2024-09-05,Ward-8,36.8,59.7,192.5,34.8,16.0
2024-09-05,Ward-9,39.2,42.1,45.2,23.2,16.5
2024-09-06,Ward-5,38.5,33.8,73.7,19.8,15.9
2024-09-07,Ward-9,17.2,94.4,165.6,31.9,19.0
2024-09-07,Ward-7,22.4,55.8,130.5,46.9,19.4
2024-09-08,Ward-10,18.3,91.3,165.2,7.4,19.1
2024-09-08,Ward-10,35.8,22.7,112.2,33.3,6.4
2024-09-09,Ward-5,13.8,35.2,183.9,18.2,14.0
2024-09-09,Ward-3,10.7,85.6,37.6,7.3,7.1
2024-09-10,Ward-9,16.4,88.9,33.8,43.0,23.6
2024-09-10,Ward-5,27.6,60.6,12.4,30.8,14.3
2024-09-11,Ward-8,30.3,30.3,41.5,38.1,16.7
2024-09-11,Ward-6,34.0,30.7,105.2,36.9,26.5
2024-09-11,Ward-3,13.4,47.6,2.3,11.0,17.8
2024-09-11,Ward-2,30.4,69.3,34.2,45.5,27.9
2024-09-12,Ward-2,31.4,86.6,135.9,25.2,18.2
2024-09-12,Ward-9,32.0,78.7,58.7,30.3,20.1
2024-09-13,Ward-4,18.3,75.4,177.0,34.2,29.8
2024-09-13,Ward-4,28.4,67.6,118.6,27.6,10.6
2024-09-13,Ward-9,34.0,57.8,109.6,15.8,12.6
2024-09-13,Ward-9,10.1,66.5,32.3,42.2,16.3
2024-09-13,Ward-10,17.4,59.3,152.3,4.9,7.0
2024-09-14,Ward-2,21.5,79.2,182.4,46.6,8.0
2024-09-15,Ward-10,16.1,80.1,86.1,16.5,15.6
2024-09-15,Ward-10,22.1,54.2,10.1,33.8,23.4
2024-09-15,Ward-1,12.9,65.5,115.2,49.7,8.0
2024-09-16,Ward-9,10.5,77.4,71.9,38.2,28.5
2024-09-16,Ward-2,14.2,54.1,57.0,8.6,14.3
2024-09-17,Ward-2,32.8,39.8,92.4,3.2,25.5
2024-09-17,Ward-3,17.7,50.4,92.5,49.7,20.1
2024-09-17,Ward-8,38.0,68.2,72.2,1.9,22.7
2024-09-17,Ward-8,30.0,90.4,43.9,1.5,29.7
2024-09-18,Ward-4,22.6,86.3,99.2,28.8,24.3
2024-09-18,Ward-8,11.1,31.8,104.5,30.7,16.9
2024-09-19,Ward-4,26.6,62.8,166.8,47.5,9.5
2024-09-20,Ward-6,11.2,44.5,109.0,20.6,11.5
2024-09-20,Ward-6,22.2,44.9,41.4,4.8,8.8
2024-09-21,Ward-7,16.2,73.5,79.7,25.4,16.4
2024-09-21,Ward-3,21.9,88.6,61.3,46.0,18.5
2024-09-22,Ward-1,14.6,33.3,149.9,12.0,29.7
2024-09-22,Ward-3,31.2,45.5,107.7,2.2,8.1
2024-09-22,Ward-6,15.4,92.4,137.7,28.1,18.7
2024-09-22,Ward-8,41.7,81.1,193.1,19.5,27.9
2024-09-23,Ward-9,12.2,76.0,169.2,23.4,21.2
2024-09-25,Ward-1,40.6,33.3,166.9,27.4,23.5
2024-09-25,Ward-6,25.1,50.1,26.2,20.0,25.7
2024-09-25,Ward-8,16.7,43.3,20.7,22.3,10.7
2024-09-25,Ward-8,37.5,58.6,143.8,37.0,15.4
2024-09-25,Ward-7,34.0,58.0,23.9,48.3,9.8
2024-09-25,Ward-10,28.1,86.7,23.3,29.5,5.8
2024-09-26,Ward-1,28.5,74.1,137.3,33.6,7.7
2024-09-26,Ward-4,21.3,64.9,48.0,47.2,18.2
2024-09-28,Ward-5,37.2,72.1,164.6,28.2,16.3
2024-09-28,Ward-3,17.8,57.0,82.0,36.0,27.1
2024-09-28,Ward-8,35.3,24.2,131.1,31.1,9.4
2024-09-29,Ward-6,36.4,44.1,59.9,44.4,26.3
2024-09-29,Ward-10,20.4,59.1,151.1,10.6,23.3
2024-09-30,Ward-7,14.4,39.8,162.4,22.4,22.6
2024-09-30,Ward-3,15.6,26.2,97.7,26.0,17.4
2024-09-30,Ward-10,34.3,81.3,62.9,36.5,10.8
2024-09-30,Ward-3,11.5,44.8,80.1,3.4,22.3
2024-10-02,Ward-8,37.1,81.7,182.7,7.6,26.5
2024-10-02,Ward-5,36.1,45.3,145.0,31.9,7.6
2024-10-03,Ward-5,30.9,58.1,118.0,40.9,8.9
2024-10-03,Ward-4,35.2,50.8,90.5,29.3,8.6
2024-10-04,Ward-10,40.9,49.0,34.5,49.4,16.1
2024-10-05,Ward-8,25.7,26.3,135.6,42.9,20.7
2024-10-05,Ward-2,13.3,42.9,66.6,47.8,25.6
2024-10-06,Ward-1,16.6,79.4,151.0,38.9,18.2
2024-10-07,Ward-6,28.7,63.3,142.5,9.3,16.9
2024-10-08,Ward-4,28.8,57.8,138.5,7.2,9.0
2024-10-09,Ward-1,36.3,91.1,79.2,33.9,9.6
2024-10-09,Ward-9,26.7,43.1,93.1,24.9,27.1
2024-10-11,Ward-3,38.4,58.6,23.5,6.8,6.9
2024-10-11,Ward-2,16.3,40.7,129.2,32.6,20.2
2024-10-11,Ward-9,20.2,76.5,143.7,34.9,26.7
2024-10-11,Ward-7,30.2,64.5,82.1,31.9,19.9
2024-10-12,Ward-1,31.8,68.2,114.4,29.7,15.0
2024-10-13,Ward-2,32.8,45.4,139.7,28.4,17.6
2024-10-14,Ward-2,16.0,29.2,56.9,7.4,17.0
2024-10-14,Ward-8,25.3,87.1,90.9,44.9,7.8
2024-10-14,Ward-10,11.2,20.7,86.9,40.8,25.2
2024-10-15,Ward-3,34.6,49.7,26.8,45.6,22.8
2024-10-16,Ward-7,14.8,78.3,132.5,28.7,14.5
2024-10-16,Ward-8,37.7,49.6,165.2,22.2,18.5
2024-10-16,Ward-9,23.7,71.2,162.1,28.9,16.3
2024-10-17,Ward-4,31.9,34.1,95.0,10.5,21.8
2024-10-17,Ward-10,16.4,52.1,115.8,24.2,11.2
2024-10-17,Ward-2,31.0,63.0,53.3,0.9,21.2
2024-10-17,Ward-1,41.0,29.0,137.0,20.4,13.5
2024-10-17,Ward-5,21.4,76.7,54.8,48.4,19.0
2024-10-18,Ward-8,15.7,42.6,89.2,14.7,21.9
2024-10-18,Ward-1,40.6,30.2,137.3,38.6,24.1
2024-10-18,Ward-8,28.0,85.6,172.2,42.5,20.2
2024-10-19,Ward-1,29.6,40.7,89.0,23.4,20.5
2024-10-20,Ward-8,26.0,24.4,115.3,21.3,21.9
2024-10-20,Ward-2,40.4,32.4,9.5,18.3,25.0
2024-10-21,Ward-7,18.3,84.3,123.5,43.6,23.4
2024-10-21,Ward-2,22.2,65.0,37.4,28.6,28.5
2024-10-22,Ward-10,27.4,48.5,171.0,1.1,29.5
2024-10-22,Ward-2,30.2,93.5,73.4,38.7,23.2
2024-10-23,Ward-4,19.9,72.3,63.8,17.1,28.9
2024-10-23,Ward-1,15.9,30.1,150.7,42.9,23.6
2024-10-23,Ward-5,32.0,22.4,76.1,31.3,16.3
2024-10-24,Ward-1,37.2,86.3,192.6,24.7,17.8
2024-10-25,Ward-9,22.2,41.0,34.0,29.5,23.7
2024-10-25,Ward-5,27.2,67.5,161.1,1.5,11.1
2024-10-26,Ward-7,25.2,56.2,71.0,32.4,26.0
2024-10-26,Ward-3,16.9,70.9,2.6,36.6,15.5
2024-10-26,Ward-3,17.1,70.5,88.4,26.6,12.9
2024-10-26,Ward-6,11.9,23.1,119.8,3.1,19.5
2024-10-27,Ward-5,33.7,50.2,148.6,20.7,12.2
2024-10-27,Ward-5,36.2,44.9,109.8,9.3,5.7
2024-10-29,Ward-10,38.7,93.1,150.2,41.6,25.3
2024-10-29,Ward-5,27.7,33.1,129.4,40.0,25.5
2024-10-30,Ward-3,28.3,71.7,104.6,33.0,18.4
2024-10-31,Ward-1,16.6,75.3,35.1,5.6,21.6
2024-11-02,Ward-8,25.1,28.1,169.9,17.9,25.3
2024-11-02,Ward-3,21.8,89.9,2.3,15.9,23.0
2024-11-02,Ward-6,39.6,43.2,135.5,0.7,9.8
2024-11-05,Ward-10,15.3,33.6,128.2,27.2,28.2
2024-11-05,Ward-3,10.9,46.9,106.9,8.8,25.6
2024-11-05,Ward-1,27.4,25.7,17.5,1.3,16.4
2024-11-05,Ward-5,32.2,25.8,11.1,38.1,20.6
2024-11-05,Ward-3,10.2,39.5,147.2,40.4,11.0
2024-11-08,Ward-1,20.6,68.2,118.0,25.8,29.2
2024-11-09,Ward-8,34.7,33.7,93.9,47.5,7.6
2024-11-10,Ward-8,38.9,84.8,13.0,26.1,28.6
2024-11-10,Ward-8,30.0,28.4,45.8,6.2,19.6
2024-11-13,Ward-10,14.3,66.1,144.5,10.7,7.0
2024-11-14,Ward-7,16.4,84.3,62.4,47.0,13.1
2024-11-14,Ward-9,16.5,39.5,173.6,37.4,30.0
2024-11-15,Ward-5,39.9,90.8,21.8,9.7,12.0
2024-11-16,Ward-7,37.1,28.2,170.8,16.4,28.5
2024-11-16,Ward-2,16.1,22.2,69.3,29.8,16.0
2024-11-17,Ward-9,26.0,90.0,187.6,27.3,10.6
2024-11-18,Ward-8,13.9,92.9,133.4,20.3,29.7
2024-11-18,Ward-9,25.1,66.2,187.1,36.2,5.9
2024-11-18,Ward-7,27.2,85.8,131.8,23.9,27.0
2024-11-18,Ward-2,26.9,45.2,139.9,49.9,13.2
2024-11-20,Ward-3,40.0,42.0,8.6,49.1,17.8
2024-11-20,Ward-6,26.1,32.2,78.4,13.5,6.3
2024-11-22,Ward-1,20.6,64.6,111.7,33.2,25.9
2024-11-22,Ward-6,38.3,48.2,106.8,43.4,6.6
2024-11-23,Ward-6,19.2,91.0,95.8,14.9,14.4
2024-11-23,Ward-7,29.5,80.8,140.7,13.2,16.7
2024-11-26,Ward-10,11.8,25.9,38.9,22.7,14.6
2024-11-26,Ward-10,39.8,33.5,62.6,4.7,22.9
2024-11-26,Ward-5,35.4,92.9,92.6,14.5,5.6
2024-11-26,Ward-6,21.5,54.3,175.9,7.5,22.4
2024-11-27,Ward-6,28.6,87.4,62.0,43.3,11.9
2024-11-27,Ward-9,19.8,30.2,188.9,6.6,12.3
2024-11-27,Ward-5,14.8,51.4,89.4,46.1,12.4
2024-11-28,Ward-3,10.6,69.1,155.4,32.6,21.7
2024-12-01,Ward-3,20.9,36.9,74.2,14.7,12.4
2024-12-01,Ward-3,16.3,76.3,82.1,27.8,8.1
2024-12-02,Ward-8,21.9,43.5,148.3,8.8,29.9
2024-12-03,Ward-8,41.0,78.0,20.6,27.6,27.7
2024-12-03,Ward-2,38.8,38.7,181.3,11.8,17.9
2024-12-04,Ward-7,21.6,64.2,166.8,40.0,21.2
2024-12-04,Ward-7,32.0,22.0,169.5,3.5,24.8
2024-12-05,Ward-7,15.9,27.3,74.2,34.6,18.1
2024-12-06,Ward-8,15.7,87.8,119.8,43.6,29.5
2024-12-07,Ward-5,11.8,51.4,176.4,21.4,25.3
2024-12-07,Ward-10,36.6,67.8,91.4,9.4,10.0
2024-12-08,Ward-10,35.6,91.1,33.9,17.9,9.7
2024-12-08,Ward-2,34.5,89.0,143.6,49.0,24.8
2024-12-10,Ward-9,39.9,85.2,73.0,18.7,12.0
2024-12-12,Ward-3,14.9,61.5,183.9,39.9,26.3
2024-12-13,Ward-8,18.3,22.8,61.7,6.2,14.4
2024-12-14,Ward-1,21.5,45.2,114.7,36.2,28.4
2024-12-14,Ward-7,10.4,67.1,68.6,5.4,11.5
2024-12-15,Ward-3,10.1,42.1,196.4,22.5,9.5
2024-12-15,Ward-1,31.4,23.0,191.0,41.5,10.4
2024-12-15,Ward-1,15.2,87.2,118.6,43.0,24.8
2024-12-16,Ward-1,16.5,34.7,14.6,34.7,24.5
2024-12-17,Ward-1,25.5,49.0,79.6,26.8,20.5
2024-12-17,Ward-2,34.1,78.8,113.3,40.5,26.3
2024-12-17,Ward-5,16.9,56.4,36.9,9.9,16.7
2024-12-17,Ward-6,10.3,60.3,76.8,39.7,21.6
2024-12-18,Ward-8,29.0,38.9,56.2,14.1,22.6
2024-12-18,Ward-2,23.2,59.6,152.7,49.4,22.7
2024-12-18,Ward-6,19.8,30.5,101.5,34.6,27.9
2024-12-19,Ward-3,19.1,30.9,157.6,37.4,23.9
2024-12-19,Ward-1,14.5,75.0,30.5,0.6,12.4
2024-12-20,Ward-5,24.6,31.8,63.4,35.8,29.6
2024-12-20,Ward-3,38.5,25.5,139.4,22.3,22.1
2024-12-21,Ward-9,20.0,90.0,193.6,38.6,29.8
2024-12-21,Ward-8,33.7,70.7,33.1,25.0,10.4
2024-12-23,Ward-8,38.9,93.5,22.3,44.7,15.7
2024-12-23,Ward-6,23.1,77.5,36.3,28.8,7.6
2024-12-23,Ward-2,28.5,34.9,137.5,8.4,28.9
2024-12-23,Ward-10,20.1,57.4,9.0,3.1,19.5
2024-12-23,Ward-9,33.6,82.1,65.0,41.2,27.5
2024-12-24,Ward-7,41.4,81.3,183.2,39.7,26.2
2024-12-24,Ward-2,29.3,70.7,132.9,3.1,27.6
2024-12-24,Ward-9,40.8,25.5,51.8,17.7,13.3
2024-12-24,Ward-7,13.7,83.9,53.3,28.3,27.5
2024-12-25,Ward-8,40.7,57.1,85.0,27.6,29.3
2024-12-26,Ward-8,12.2,59.8,194.8,32.0,5.2
2024-12-27,Ward-4,11.6,91.8,48.8,44.7,23.6
2024-12-27,Ward-7,37.5,70.7,189.9,36.9,22.5
2024-12-27,Ward-1,26.2,49.7,31.4,36.8,11.7
2024-12-27,Ward-2,10.7,77.6,65.9,24.2,24.8
2024-12-28,Ward-2,23.2,67.4,183.4,10.4,6.9
2024-12-30,Ward-6,33.0,90.7,114.5,16.3,16.7
2024-12-30,Ward-9,21.5,93.9,79.4,21.5,8.5
2024-12-31,Ward-1,34.8,68.6,192.6,47.2,9.3
2025-01-01,Ward-7,18.0,37.7,132.3,4.7,23.4
2025-01-01,Ward-2,38.8,64.8,11.0,36.0,24.4
2025-01-02,Ward-6,22.8,21.1,90.7,3.5,23.5
2025-01-04,Ward-4,35.5,51.1,58.0,46.6,17.1
2025-01-04,Ward-1,34.6,35.1,71.8,41.4,28.6
2025-01-04,Ward-1,16.1,82.5,150.0,24.9,19.5
2025-01-05,Ward-9,39.1,77.3,143.6,0.9,22.5
2025-01-06,Ward-2,15.2,79.2,138.2,5.9,26.4
2025-01-06,Ward-3,38.3,21.4,12.1,18.3,17.2
2025-01-07,Ward-3,40.6,44.2,51.7,23.2,21.0
2025-01-08,Ward-3,14.0,56.0,14.1,21.2,17.6
2025-01-08,Ward-4,16.4,70.4,148.0,40.7,23.9
2025-01-08,Ward-4,34.3,85.7,106.8,44.1,26.6
2025-01-08,Ward-9,36.1,45.7,152.2,34.0,25.1
2025-01-08,Ward-8,23.7,89.3,28.6,8.8,17.7
2025-01-08,Ward-5,40.5,86.2,188.6,47.5,19.6
2025-01-08,Ward-2,31.1,89.0,39.2,17.6,19.2
2025-01-09,Ward-6,10.4,35.0,157.4,35.6,14.2
2025-01-09,Ward-1,36.5,30.1,113.1,11.0,21.2
2025-01-10,Ward-9,12.7,94.0,23.6,38.8,22.1
2025-01-10,Ward-6,14.1,27.1,193.6,35.4,10.0
2025-01-11,Ward-9,29.8,31.8,152.0,48.3,29.6
2025-01-11,Ward-2,10.4,87.0,141.9,23.1,13.6
2025-01-11,Ward-10,35.4,24.1,181.3,3.7,18.4
2025-01-12,Ward-1,25.2,44.4,38.5,16.3,14.6
2025-01-13,Ward-3,41.7,32.1,175.2,9.6,10.9
2025-01-13,Ward-4,18.6,81.8,177.5,23.2,16.0
2025-01-13,Ward-3,39.3,93.8,43.4,10.5,12.5
2025-01-15,Ward-2,33.2,40.7,178.4,22.2,15.5
2025-01-15,Ward-1,19.9,46.7,68.1,27.4,20.8
2025-01-15,Ward-9,23.8,34.0,92.6,40.8,22.3
2025-01-16,Ward-6,42.0,85.0,6.9,49.7,21.0
2025-01-17,Ward-6,31.4,63.7,32.5,12.0,10.8
2025-01-19,Ward-4,24.4,39.0,196.5,14.1,5.7
2025-01-20,Ward-5,11.8,29.8,124.8,32.0,18.7
2025-01-20,Ward-9,24.5,93.5,69.2,0.9,27.8
2025-01-21,Ward-7,15.3,25.2,198.5,29.1,27.9
2025-01-21,Ward-4,15.5,34.8,143.0,49.2,26.7
2025-01-21,Ward-3,32.3,64.9,54.4,37.6,11.3
2025-01-21,Ward-8,19.0,91.5,82.0,20.6,19.2
2025-01-22,Ward-4,26.7,63.3,181.8,38.4,25.2
2025-01-22,Ward-1,30.4,71.8,45.3,18.6,9.1
2025-01-22,Ward-9,29.5,39.2,50.5,48.1,9.5
2025-01-22,Ward-9,26.3,75.9,169.6,42.1,27.1
2025-01-22,Ward-10,40.3,63.0,44.4,18.6,28.8
2025-01-22,Ward-4,38.2,30.8,92.8,23.9,10.8
2025-01-23,Ward-6,15.2,45.0,74.7,24.2,25.6
2025-01-23,Ward-10,23.4,21.5,199.4,19.0,29.0
2025-01-23,Ward-2,27.2,39.4,98.2,24.3,9.6
2025-01-24,Ward-5,31.1,84.2,127.5,0.6,9.3
2025-01-24,Ward-3,41.8,35.1,131.9,46.0,10.7
2025-01-25,Ward-7,10.5,57.2,163.8,17.3,8.2
2025-01-25,Ward-7,19.2,57.5,1.4,49.0,14.9
2025-01-26,Ward-4,23.0,20.8,149.6,3.9,10.5
2025-01-26,Ward-10,14.5,55.7,19.9,45.3,5.9
2025-01-27,Ward-10,37.2,67.2,69.0,31.5,21.1
2025-01-27,Ward-3,20.7,31.6,58.6,37.7,22.8
2025-01-27,Ward-1,38.4,68.9,7.5,9.3,25.6
2025-01-28,Ward-6,16.1,67.1,2.3,0.4,24.2
2025-01-28,Ward-8,35.8,55.1,36.1,17.1,29.1
2025-01-28,Ward-2,20.4,81.7,106.4,4.5,25.1
2025-01-28,Ward-8,31.6,79.3,129.9,27.8,24.6
2025-01-29,Ward-9,23.0,80.1,69.9,27.8,27.9
2025-01-29,Ward-6,13.0,78.3,1.5,38.8,15.4
2025-01-29,Ward-1,15.1,67.5,47.6,9.2,9.1
2025-01-30,Ward-5,40.9,60.8,145.9,4.2,24.2
2025-01-31,Ward-6,14.9,57.2,87.1,43.7,17.8
2025-02-01,Ward-7,16.8,84.1,3.6,34.0,24.5
2025-02-01,Ward-6,34.5,55.3,152.1,39.6,23.9
2025-02-01,Ward-6,16.9,32.4,105.2,8.4,29.0
2025-02-01,Ward-4,38.4,77.4,177.0,14.8,11.2
2025-02-02,Ward-8,29.1,92.3,74.0,47.7,13.5
2025-02-03,Ward-3,11.0,42.7,131.8,22.7,29.8
2025-02-03,Ward-8,33.6,84.3,136.7,13.0,10.5
2025-02-04,Ward-2,21.7,24.3,29.5,37.5,21.0
2025-02-05,Ward-1,40.0,67.8,177.0,15.3,21.8
2025-02-05,Ward-6,17.8,82.0,30.7,18.4,20.2
2025-02-05,Ward-1,23.2,36.8,95.1,39.4,20.5
2025-02-06,Ward-10,40.7,48.6,107.6,37.4,14.9
2025-02-07,Ward-7,36.9,75.6,8.3,42.4,24.6
2025-02-07,Ward-5,29.4,61.1,61.3,5.1,26.7
2025-02-07,Ward-7,37.5,45.1,80.8,31.0,6.6
2025-02-07,Ward-7,22.2,28.8,5.5,39.5,22.4
2025-02-08,Ward-2,11.5,58.0,155.5,43.1,5.0
2025-02-08,Ward-8,29.5,31.5,150.8,26.3,14.6
2025-02-08,Ward-8,40.4,86.5,68.3,17.2,26.5
2025-02-09,Ward-10,32.5,60.3,157.6,35.0,13.7
2025-02-09,Ward-9,26.8,38.3,190.7,21.0,12.0
2025-02-10,Ward-10,10.8,23.4,1.5,7.1,11.4
2025-02-10,Ward-2,22.1,69.1,42.5,25.7,22.1
2025-02-11,Ward-3,10.4,63.4,44.4,9.7,26.2
2025-02-11,Ward-8,41.4,85.9,0.2,35.3,16.1
2025-02-12,Ward-8,35.3,91.4,15.3,10.4,19.5
2025-02-12,Ward-3,21.9,31.9,102.0,36.3,24.0
2025-02-14,Ward-9,17.9,25.1,88.3,44.1,23.1
2025-02-14,Ward-2,29.9,85.0,99.5,38.0,12.8
2025-02-15,Ward-4,22.4,91.8,21.0,22.2,17.4
2025-02-15,Ward-1,41.8,55.0,142.1,37.8,21.5
2025-02-15,Ward-8,33.6,37.2,84.2,37.0,9.6
2025-02-16,Ward-1,21.3,45.4,88.0,9.5,5.8
2025-02-17,Ward-5,29.7,57.2,17.2,41.1,12.8
2025-02-18,Ward-7,12.3,28.3,59.4,14.3,25.0
2025-02-18,Ward-4,30.2,31.5,16.5,44.3,13.1
2025-02-19,Ward-9,29.7,24.2,72.7,32.4,29.7
2025-02-19,Ward-7,10.7,93.3,5.2,11.7,26.6
2025-02-19,Ward-8,17.9,43.5,106.3,48.0,16.2
2025-02-20,Ward-5,17.1,75.1,50.8,21.0,13.6
2025-02-20,Ward-1,17.5,78.4,114.4,39.0,10.8
2025-02-20,Ward-7,12.6,62.5,105.8,26.1,26.4
2025-02-20,Ward-2,30.0,71.4,122.5,18.1,16.8
2025-02-21,Ward-2,33.8,27.8,185.8,39.0,19.5
2025-02-23,Ward-3,33.7,67.7,76.3,39.4,19.2
2025-02-23,Ward-8,32.1,79.8,123.6,27.1,25.2
2025-02-24,Ward-8,15.3,64.9,115.0,2.7,16.0
2025-02-25,Ward-8,17.7,64.7,74.1,47.5,28.8
2025-02-26,Ward-3,11.4,38.1,126.2,49.6,26.2
2025-02-27,Ward-2,31.8,41.8,183.4,32.8,10.7
2025-02-27,Ward-10,24.7,46.9,178.4,21.5,10.8
2025-03-01,Ward-3,31.9,22.5,68.2,27.6,11.9
2025-03-01,Ward-1,13.7,35.5,124.6,11.0,19.9
2025-03-02,Ward-8,18.5,94.0,139.5,45.6,22.6
2025-03-02,Ward-9,12.8,91.7,122.1,16.0,10.3
2025-03-02,Ward-5,19.6,62.6,176.1,25.2,27.4
2025-03-02,Ward-1,27.6,85.4,43.1,23.2,10.5
2025-03-03,Ward-5,36.2,80.9,165.7,13.6,5.9
2025-03-03,Ward-7,31.6,35.6,55.6,3.5,6.3
2025-03-03,Ward-5,22.2,48.3,34.3,43.9,21.2
2025-03-03,Ward-1,18.1,72.5,45.3,14.5,28.9
2025-03-05,Ward-7,27.1,32.3,61.3,41.6,21.0
2025-03-05,Ward-2,39.7,77.0,38.9,36.8,7.6
2025-03-05,Ward-5,18.3,39.4,17.5,27.7,20.1
2025-03-06,Ward-3,12.4,54.3,81.7,22.9,29.6
2025-03-06,Ward-6,41.4,58.4,89.2,49.7,29.6
2025-03-06,Ward-4,40.5,58.0,176.8,47.3,12.0
2025-03-07,Ward-2,30.2,20.5,60.2,1.5,13.7
2025-03-07,Ward-5,11.2,73.8,87.4,23.1,20.1
2025-03-08,Ward-9,38.2,58.7,52.5,38.4,23.2
2025-03-08,Ward-1,33.5,51.3,118.8,43.3,12.7
2025-03-09,Ward-5,24.1,70.9,7.9,12.3,10.2
2025-03-10,Ward-1,13.3,94.8,106.5,37.1,17.3
2025-03-10,Ward-8,31.2,67.4,185.2,25.7,8.9
2025-03-12,Ward-4,40.0,69.8,18.9,22.3,8.3
2025-03-12,Ward-7,17.1,47.0,91.9,5.2,13.9
2025-03-12,Ward-9,39.8,31.3,23.2,1.6,10.9
2025-03-12,Ward-3,16.9,47.6,199.4,30.6,21.3
2025-03-12,Ward-4,33.5,68.5,113.3,23.7,22.5
2025-03-13,Ward-9,19.9,20.5,93.1,29.1,29.4
2025-03-14,Ward-3,32.5,37.5,28.5,15.1,7.4
2025-03-14,Ward-1,38.8,87.9,37.0,5.0,7.2
2025-03-14,Ward-2,27.1,84.6,19.4,11.3,18.4
2025-03-15,Ward-9,39.3,68.7,90.1,46.9,21.9
2025-03-15,Ward-2,34.0,73.7,21.2,36.3,16.4
2025-03-17,Ward-6,30.2,65.0,78.1,14.8,24.0
2025-03-17,Ward-6,20.2,92.2,61.4,4.7,24.1
2025-03-18,Ward-9,24.6,27.6,156.5,18.4,14.5
2025-03-19,Ward-5,40.7,69.4,62.8,20.5,25.9
2025-03-20,Ward-8,10.3,29.1,20.6,32.5,19.7
2025-03-22,Ward-1,38.9,23.0,145.1,22.2,19.6
2025-03-22,Ward-5,23.9,67.2,91.2,19.9,8.8
2025-03-23,Ward-6,21.5,83.0,125.9,31.8,24.2
2025-03-23,Ward-5,39.3,79.1,137.6,28.3,20.8
2025-03-23,Ward-2,18.5,68.3,66.5,22.2,18.0
2025-03-23,Ward-6,37.5,47.8,49.7,28.1,27.5
2025-03-24,Ward-5,33.6,30.7,99.0,18.2,8.9
2025-03-25,Ward-9,16.5,89.7,145.9,48.7,22.3
2025-03-27,Ward-5,40.9,76.8,75.6,16.3,15.0
2025-03-27,Ward-2,14.9,79.3,114.4,35.0,18.3
2025-03-27,Ward-1,36.9,20.5,21.1,18.8,6.4
2025-03-27,Ward-5,33.7,92.9,153.6,7.1,11.6
2025-03-28,Ward-6,22.3,50.4,120.8,18.1,23.4
2025-03-28,Ward-2,39.7,45.7,48.2,40.4,27.1
2025-03-29,Ward-4,18.0,45.7,176.7,33.7,6.8
2025-03-29,Ward-3,33.2,74.7,109.7,36.0,13.8
2025-03-30,Ward-4,26.4,28.9,148.8,6.6,24.2
2025-03-30,Ward-3,13.5,31.2,22.4,15.2,7.2
2025-03-30,Ward-7,12.9,88.0,128.5,12.2,16.9
2025-03-30,Ward-2,29.1,61.8,199.3,27.8,14.3
2025-03-31,Ward-4,17.3,29.0,162.8,46.3,17.7
2025-04-02,Ward-10,27.4,93.1,12.3,7.7,16.7
2025-04-02,Ward-2,13.2,91.7,116.1,4.0,23.8
2025-04-03,Ward-5,30.2,59.4,117.3,31.5,6.8
2025-04-03,Ward-9,37.0,66.5,8.1,46.3,10.3
2025-04-03,Ward-6,11.8,88.4,92.6,42.8,14.0
2025-04-03,Ward-2,16.9,59.8,19.1,8.3,14.8
2025-04-05,Ward-9,18.1,59.3,79.7,43.3,12.4
2025-04-05,Ward-5,25.5,90.2,178.6,27.7,18.6
2025-04-05,Ward-2,23.9,69.1,166.5,8.6,13.5
2025-04-05,Ward-2,23.8,54.3,60.9,28.0,22.4
2025-04-05,Ward-1,10.7,20.4,22.9,36.9,10.5
2025-04-06,Ward-2,16.8,85.8,26.5,45.2,10.3
2025-04-06,Ward-5,26.1,63.5,177.2,24.6,21.0
2025-04-07,Ward-6,20.3,68.1,198.4,38.7,12.4
2025-04-08,Ward-9,33.6,58.9,93.3,0.3,26.3
2025-04-09,Ward-8,34.6,56.1,105.7,3.4,26.5
2025-04-09,Ward-3,12.8,48.4,46.0,25.7,12.5
2025-04-10,Ward-10,36.7,85.3,195.9,10.1,13.7
2025-04-11,Ward-3,24.7,70.2,88.6,32.7,8.9
2025-04-11,Ward-1,30.4,67.1,97.0,23.7,8.4
2025-04-11,Ward-10,40.5,22.1,192.4,22.4,22.8
2025-04-12,Ward-5,38.7,78.5,129.4,38.7,28.9
2025-04-12,Ward-1,20.4,63.9,54.6,15.2,17.8
2025-04-12,Ward-2,18.5,39.4,147.7,9.0,19.9
2025-04-12,Ward-9,33.5,54.0,4.3,47.2,7.1
2025-04-13,Ward-6,38.6,81.3,22.7,28.2,20.5
2025-04-13,Ward-4,18.0,47.9,64.0,12.2,17.8
2025-04-14,Ward-5,22.8,36.6,176.0,8.4,14.0
2025-04-14,Ward-3,30.5,92.3,145.0,18.4,8.1
2025-04-14,Ward-2,40.6,25.9,158.4,45.7,6.6
2025-04-14,Ward-9,29.5,44.7,169.8,40.5,19.3
2025-04-15,Ward-3,12.0,41.4,69.9,7.1,10.7
2025-04-15,Ward-4,27.1,37.0,82.3,30.3,13.3
2025-04-15,Ward-5,35.2,26.3,123.9,4.6,15.0
2025-04-16,Ward-5,26.6,71.0,144.7,39.2,14.4
2025-04-16,Ward-10,18.2,73.6,184.0,17.5,24.3
2025-04-17,Ward-1,33.3,58.7,153.3,1.4,19.9
2025-04-17,Ward-10,26.8,39.3,133.1,4.3,21.0
2025-04-19,Ward-4,20.3,75.1,112.0,6.5,29.9
2025-04-19,Ward-7,17.7,72.7,132.1,44.9,27.4
2025-04-20,Ward-6,34.2,80.7,59.0,6.5,28.9
2025-04-21,Ward-7,38.2,77.3,132.6,43.7,26.3
2025-04-21,Ward-8,34.9,94.4,164.1,20.1,27.5
2025-04-21,Ward-4,34.2,64.9,117.9,1.2,16.9
2025-04-21,Ward-6,40.7,38.9,141.9,18.1,10.7
2025-04-22,Ward-7,13.5,51.4,55.0,4.9,5.7
2025-04-23,Ward-10,39.0,42.5,138.6,34.5,25.1
2025-04-24,Ward-8,26.8,59.2,10.3,6.4,21.6
2025-04-25,Ward-2,34.8,35.7,82.3,26.7,17.1
2025-04-26,Ward-5,33.8,91.5,107.6,29.7,11.4
2025-04-26,Ward-6,28.0,46.9,154.3,26.6,8.9
2025-04-27,Ward-10,39.1,50.7,4.1,4.5,16.4
2025-04-28,Ward-7,38.1,88.4,154.5,3.7,17.7
2025-04-29,Ward-4,11.4,38.1,8.3,47.7,16.3
2025-04-29,Ward-5,13.3,93.0,156.2,8.4,26.0
2025-04-30,Ward-2,22.4,68.1,157.0,27.0,8.4
2025-04-30,Ward-6,15.6,33.4,30.6,23.1,5.4
2025-05-01,Ward-4,13.7,36.3,188.1,11.3,23.3
2025-05-02,Ward-2,40.0,20.5,78.3,41.9,18.7
2025-05-02,Ward-2,41.8,85.6,195.8,39.0,13.6
2025-05-02,Ward-8,36.9,84.4,79.8,15.5,23.6
2025-05-03,Ward-8,21.5,33.0,66.5,46.5,9.8
2025-05-03,Ward-9,34.7,68.9,146.4,21.7,28.8
2025-05-04,Ward-10,27.8,22.2,112.4,7.1,28.7
2025-05-04,Ward-4,20.0,77.0,156.5,47.8,6.4
2025-05-04,Ward-7,24.4,84.7,25.4,31.9,18.8
2025-05-04,Ward-3,28.0,77.0,55.9,21.9,25.6
2025-05-05,Ward-8,41.5,51.6,111.1,32.0,5.7
2025-05-05,Ward-6,19.4,59.8,68.5,39.3,25.8
2025-05-05,Ward-10,38.1,53.5,76.5,15.9,11.9
2025-05-07,Ward-3,22.2,20.3,40.9,6.2,12.9
2025-05-07,Ward-9,30.0,66.1,187.6,15.9,13.7
2025-05-07,Ward-4,10.3,77.6,146.9,32.5,25.3
2025-05-08,Ward-3,18.3,80.0,29.4,8.6,9.1
2025-05-08,Ward-1,16.2,83.2,93.4,15.5,24.9
2025-05-08,Ward-1,32.7,25.4,184.7,10.9,28.0
2025-05-09,Ward-7,34.6,50.4,54.1,38.3,19.7
2025-05-09,Ward-1,28.2,73.0,24.9,49.2,15.2
2025-05-10,Ward-3,39.5,49.3,27.3,24.5,6.9
2025-05-10,Ward-1,30.8,41.5,76.1,42.7,18.5
2025-05-10,Ward-9,22.3,40.9,196.7,15.9,25.2
2025-05-11,Ward-4,38.7,85.1,54.8,26.2,11.8
2025-05-11,Ward-6,37.1,47.1,179.5,10.9,8.8
2025-05-12,Ward-6,38.8,26.1,104.6,39.8,22.9
2025-05-12,Ward-1,30.5,37.2,94.3,24.3,27.4
2025-05-12,Ward-8,39.4,64.1,74.0,36.1,8.1
2025-05-13,Ward-6,38.6,71.5,29.2,34.5,19.7
2025-05-14,Ward-3,31.6,73.4,61.1,6.4,21.4
2025-05-14,Ward-6,13.3,40.5,45.7,26.6,12.2
2025-05-15,Ward-4,11.7,87.8,91.1,48.7,19.1
2025-05-15,Ward-4,16.4,32.5,100.2,31.9,15.4
2025-05-15,Ward-8,12.0,33.3,59.3,16.9,18.4
2025-05-15,Ward-5,41.5,50.1,113.5,42.2,20.2
2025-05-15,Ward-2,12.1,76.5,8.3,7.8,13.3
2025-05-15,Ward-5,42.0,47.0,187.8,47.4,16.1
2025-05-16,Ward-5,29.0,78.1,14.7,40.1,14.8
2025-05-16,Ward-10,18.1,91.8,132.0,25.9,11.3
2025-05-17,Ward-5,15.7,62.1,85.3,2.7,23.5
2025-05-19,Ward-6,32.5,58.8,13.8,47.7,24.0
2025-05-20,Ward-10,33.7,37.7,159.4,8.6,29.5
2025-05-21,Ward-1,26.8,44.3,102.8,35.6,12.2
2025-05-22,Ward-8,20.6,57.8,0.9,20.2,23.6
2025-05-22,Ward-1,32.9,88.7,188.0,17.6,17.5
2025-05-23,Ward-5,10.8,75.7,129.0,47.0,21.3
2025-05-23,Ward-7,30.2,50.0,179.3,26.6,8.7
2025-05-24,Ward-4,33.7,89.9,21.5,28.4,14.2
2025-05-24,Ward-2,23.4,75.5,160.7,33.1,14.9
2025-05-25,Ward-10,22.0,58.6,47.3,34.4,12.9
2025-05-25,Ward-4,20.3,90.8,122.5,42.6,23.9
2025-05-26,Ward-8,36.2,22.0,173.0,40.7,27.4
2025-05-26,Ward-3,16.4,59.6,34.4,34.0,6.1
2025-05-27,Ward-6,10.7,78.4,104.2,7.5,21.7
2025-05-28,Ward-8,13.3,48.5,133.3,8.9,27.0
2025-05-28,Ward-10,18.8,78.9,112.0,39.4,14.3
2025-05-28,Ward-2,18.5,40.8,105.0,40.2,16.8
2025-05-28,Ward-7,33.9,85.9,139.1,49.6,24.4
2025-05-28,Ward-7,18.9,51.2,83.4,30.2,28.7
2025-05-29,Ward-3,21.9,82.0,2.3,43.4,14.0
2025-05-29,Ward-10,18.7,62.8,172.4,36.5,23.9
2025-05-30,Ward-9,41.2,25.0,108.6,48.7,7.5
2025-05-31,Ward-6,24.6,44.1,109.8,3.5,26.5
2025-05-31,Ward-5,40.3,60.2,198.2,39.2,18.7
2025-05-31,Ward-1,41.0,43.8,125.2,33.9,20.1
2025-05-31,Ward-2,40.9,28.8,102.1,35.0,17.8
2025-06-01,Ward-6,27.1,77.9,64.0,2.0,16.0
2025-06-01,Ward-5,38.2,86.0,100.1,3.4,6.4
2025-06-01,Ward-6,39.3,22.4,153.9,16.4,25.7
2025-06-02,Ward-2,36.0,59.8,67.4,20.1,27.8
2025-06-03,Ward-1,40.3,83.8,132.1,45.0,6.9
2025-06-03,Ward-2,31.6,65.0,190.6,1.5,16.8
2025-06-04,Ward-1,18.2,31.3,185.4,0.1,5.8
2025-06-04,Ward-4,41.6,25.5,30.7,30.2,21.1
2025-06-04,Ward-2,13.5,78.4,91.7,47.3,9.9
2025-06-04,Ward-8,30.8,26.1,63.3,41.1,15.4
2025-06-04,Ward-2,40.3,46.4,55.2,32.8,25.6
2025-06-05,Ward-1,34.4,54.1,26.1,19.2,14.1
2025-06-07,Ward-9,38.2,22.7,13.8,3.5,25.4
2025-06-08,Ward-2,21.6,64.9,122.2,49.1,29.0
2025-06-09,Ward-8,19.1,74.8,131.3,42.6,20.1
2025-06-09,Ward-5,27.7,61.3,187.8,21.9,11.4
2025-06-10,Ward-10,32.2,81.0,95.5,22.0,28.0
2025-06-10,Ward-8,17.0,84.2,121.7,44.0,21.6
2025-06-10,Ward-8,38.3,65.1,193.9,10.2,28.3
2025-06-11,Ward-6,14.0,80.1,7.4,27.2,24.1
2025-06-11,Ward-9,35.0,31.3,43.8,16.0,11.5
2025-06-12,Ward-10,11.8,32.7,189.6,36.0,5.7
2025-06-12,Ward-9,38.9,50.7,66.5,20.4,15.8
2025-06-12,Ward-6,24.9,86.5,94.0,45.2,10.6
2025-06-12,Ward-10,14.3,85.6,35.4,30.6,28.7
2025-06-12,Ward-10,20.0,68.0,143.7,16.3,25.0
2025-06-13,Ward-2,12.2,49.5,194.8,37.0,12.7
2025-06-13,Ward-5,14.3,77.5,140.4,17.5,12.0
2025-06-14,Ward-2,17.6,72.1,55.4,14.0,24.3
2025-06-15,Ward-6,37.3,73.7,37.9,38.9,7.1
2025-06-16,Ward-4,30.1,84.1,176.0,20.0,29.0
2025-06-16,Ward-6,40.3,84.6,10.0,19.6,5.6
2025-06-17,Ward-2,14.0,70.8,172.8,24.3,5.7
2025-06-17,Ward-6,25.3,32.1,53.5,50.0,21.4
2025-06-18,Ward-2,25.8,42.0,134.7,11.8,25.2
2025-06-19,Ward-6,37.1,57.5,77.6,41.2,27.1
2025-06-20,Ward-1,37.7,26.4,87.4,21.6,9.9
2025-06-20,Ward-6,23.5,32.4,193.7,23.7,13.6
2025-06-21,Ward-1,15.3,28.0,32.2,47.4,18.8
2025-06-22,Ward-6,15.7,37.9,14.6,44.9,6.0
2025-06-23,Ward-7,27.3,29.1,36.2,10.5,16.5
2025-06-24,Ward-10,26.2,60.4,53.0,20.4,18.4
2025-06-24,Ward-3,12.5,48.2,137.9,44.3,14.5
2025-06-26,Ward-10,38.6,27.5,148.4,25.2,26.9
2025-06-27,Ward-8,24.2,28.1,83.5,32.0,18.1
2025-06-28,Ward-3,15.5,77.2,115.3,39.3,18.9
2025-06-29,Ward-3,10.1,38.3,71.3,30.0,11.3
2025-06-29,Ward-3,33.7,27.1,99.1,15.0,13.2
2025-06-29,Ward-2,34.8,26.2,161.4,10.9,11.1
2025-06-29,Ward-6,11.6,25.2,191.5,14.1,23.9
2025-07-01,Ward-6,22.5,77.6,181.0,14.6,23.5
2025-07-01,Ward-10,27.4,84.7,141.9,10.0,26.7
2025-07-01,Ward-2,11.7,45.3,149.1,43.4,6.2
2025-07-01,Ward-10,23.3,65.2,0.1,49.3,14.5
2025-07-02,Ward-1,19.5,26.7,2.5,48.9,10.2
2025-07-02,Ward-3,35.7,34.0,183.4,14.5,5.9
2025-07-02,Ward-6,39.8,89.5,32.8,5.6,13.3
2025-07-03,Ward-7,12.6,93.5,85.5,42.6,8.7
2025-07-03,Ward-2,26.5,80.4,17.1,34.9,23.0
2025-07-03,Ward-1,25.1,67.7,39.5,21.2,21.6
2025-07-03,Ward-6,30.1,90.5,184.5,44.3,24.8
2025-07-03,Ward-6,41.4,64.0,60.6,39.8,7.2
2025-07-04,Ward-3,41.0,47.1,106.3,24.2,5.6
2025-07-05,Ward-9,34.6,26.3,191.4,37.0,14.5
2025-07-06,Ward-3,40.9,21.2,127.1,49.3,25.3
2025-07-06,Ward-5,30.9,61.8,50.1,25.7,17.9
2025-07-07,Ward-5,38.8,64.9,36.2,18.2,12.7
2025-07-08,Ward-8,29.8,57.1,153.5,8.1,19.1
2025-07-08,Ward-1,30.0,72.8,91.2,3.9,29.2
2025-07-10,Ward-4,14.8,66.5,156.3,5.2,29.6
2025-07-11,Ward-10,15.7,33.2,16.7,11.1,17.9
2025-07-12,Ward-1,30.7,47.8,184.0,47.9,23.4
2025-07-12,Ward-6,29.6,86.8,149.2,46.7,13.9
2025-07-12,Ward-4,22.1,34.1,143.6,25.5,17.3
2025-07-13,Ward-4,41.3,57.8,136.9,30.6,27.6
2025-07-13,Ward-7,22.3,31.0,143.2,36.4,14.0
2025-07-13,Ward-6,30.3,43.1,147.0,29.8,27.3
2025-07-15,Ward-6,32.0,26.2,142.0,29.7,5.5
2025-07-15,Ward-6,39.4,89.6,129.8,27.1,20.0
2025-07-15,Ward-3,18.2,24.3,29.0,13.7,8.6
2025-07-16,Ward-7,15.3,69.0,157.8,12.8,27.8
2025-07-17,Ward-5,23.8,73.0,129.4,45.2,28.6
2025-07-17,Ward-9,31.5,43.0,90.9,23.3,15.5
2025-07-19,Ward-1,30.9,33.3,184.7,24.2,22.0
2025-07-19,Ward-10,30.6,84.4,92.4,1.4,22.5
2025-07-21,Ward-10,39.3,40.6,39.5,38.8,28.5
2025-07-21,Ward-1,40.9,81.3,131.2,3.2,8.1
2025-07-21,Ward-6,23.0,86.1,110.8,16.8,16.5
2025-07-22,Ward-1,31.6,23.0,29.7,6.2,29.5
2025-07-22,Ward-8,16.4,62.5,125.5,44.6,16.7
2025-07-22,Ward-9,25.8,29.6,168.8,8.1,14.2
2025-07-23,Ward-1,22.0,66.7,162.5,46.0,17.7
2025-07-24,Ward-9,29.4,22.8,148.3,5.1,21.9
2025-07-24,Ward-5,37.4,85.4,178.7,29.9,12.5
2025-07-25,Ward-4,38.1,28.0,73.7,40.7,7.1
2025-07-25,Ward-3,35.2,32.0,126.1,40.7,6.4
2025-07-26,Ward-7,30.2,43.5,175.0,25.7,22.4
2025-07-27,Ward-2,30.9,74.5,107.9,5.1,13.9
2025-07-27,Ward-9,14.9,90.9,114.4,12.7,12.7
2025-07-27,Ward-3,27.0,53.8,29.9,36.8,24.6
2025-07-27,Ward-7,32.1,89.3,191.0,2.3,29.5
2025-07-28,Ward-10,18.2,54.8,72.7,43.3,21.4
2025-07-28,Ward-4,36.6,57.3,5.7,49.8,10.2
2025-07-29,Ward-6,28.8,77.4,2.9,40.7,17.1
2025-07-29,Ward-9,30.8,73.1,44.2,36.1,26.7
2025-07-29,Ward-6,17.4,74.7,40.4,22.0,17.9
2025-07-30,Ward-4,38.0,21.6,164.0,31.5,27.4
2025-07-31,Ward-3,31.3,42.2,8.0,29.1,6.4
2025-07-31,Ward-5,41.1,58.7,96.7,23.9,30.0
2025-07-31,Ward-3,35.3,69.8,173.2,35.5,7.7
2025-08-01,Ward-2,40.9,91.9,130.8,2.0,7.9
2025-08-02,Ward-1,11.9,91.2,34.1,47.8,29.9
2025-08-03,Ward-6,13.4,29.6,4.7,35.3,18.7
2025-08-04,Ward-6,28.5,80.5,199.2,43.3,18.7
2025-08-04,Ward-6,18.1,25.0,176.1,6.8,10.7
2025-08-04,Ward-9,31.9,77.0,58.3,6.3,26.3
2025-08-05,Ward-4,17.9,65.1,158.8,7.4,27.6
2025-08-05,Ward-9,24.4,61.7,141.7,14.6,29.3
2025-08-05,Ward-7,31.3,31.4,74.0,36.9,14.3
2025-08-06,Ward-2,40.8,43.0,98.3,22.5,14.5
2025-08-07,Ward-6,40.1,43.4,103.5,43.3,12.3
2025-08-08,Ward-2,36.1,53.9,171.6,0.4,5.1
2025-08-09,Ward-5,36.1,58.5,49.1,37.4,23.0
2025-08-10,Ward-8,24.5,63.6,75.1,11.9,6.1
2025-08-10,Ward-10,36.0,77.5,49.0,17.1,16.0
2025-08-11,Ward-9,40.3,79.4,33.1,5.3,21.5
2025-08-11,Ward-8,19.7,28.7,31.3,6.9,23.0
2025-08-12,Ward-10,41.8,37.6,8.9,33.0,12.2
2025-08-12,Ward-1,20.8,20.5,122.6,42.2,23.0
2025-08-13,Ward-9,23.0,82.2,26.8,24.7,26.5
2025-08-13,Ward-8,25.0,92.1,44.4,27.9,9.3
2025-08-13,Ward-7,17.0,86.8,131.8,8.2,10.9
2025-08-15,Ward-1,30.1,69.4,158.2,1.5,10.9
2025-08-16,Ward-2,13.1,20.5,170.8,44.2,28.1
2025-08-16,Ward-4,12.1,20.8,113.3,8.4,26.8
2025-08-17,Ward-7,11.0,82.8,127.1,2.5,25.1
2025-08-18,Ward-9,12.3,24.3,68.2,31.9,17.5
2025-08-18,Ward-5,41.4,50.2,127.7,35.8,19.1
2025-08-18,Ward-8,37.0,69.1,184.9,29.2,18.2
2025-08-19,Ward-10,26.6,70.4,191.8,6.5,15.1
2025-08-19,Ward-3,21.5,81.2,143.6,42.7,19.6
2025-08-19,Ward-1,29.1,32.7,11.0,3.3,7.4
2025-08-20,Ward-10,30.1,74.4,38.5,48.6,9.7
2025-08-21,Ward-5,15.6,36.6,164.5,9.6,6.7
2025-08-22,Ward-1,14.6,31.6,175.5,13.8,19.5
2025-08-22,Ward-3,12.8,52.2,69.4,46.9,29.7
2025-08-22,Ward-3,17.2,46.5,149.9,36.5,23.1
2025-08-22,Ward-2,16.9,76.2,57.7,16.4,8.2
2025-08-23,Ward-8,17.6,74.9,81.9,12.5,21.8
2025-08-23,Ward-8,26.0,24.4,24.8,12.7,11.7
2025-08-25,Ward-10,32.9,27.4,73.1,45.3,5.4
2025-08-26,Ward-9,13.3,44.1,28.1,0.1,7.9
2025-08-26,Ward-6,37.6,50.3,19.1,26.4,13.6
2025-08-26,Ward-4,41.1,60.9,6.4,36.8,29.8
2025-08-27,Ward-1,35.0,49.8,48.4,2.2,29.8
2025-08-27,Ward-10,16.5,41.3,53.0,38.1,23.5
2025-08-27,Ward-1,16.1,48.8,198.1,25.6,10.0
2025-08-28,Ward-10,40.5,69.3,166.2,28.9,18.8
2025-08-29,Ward-1,41.6,91.1,41.7,37.0,20.7
2025-08-29,Ward-10,13.7,55.2,196.6,13.3,14.9
2025-08-30,Ward-7,14.6,58.6,180.2,21.8,17.9
2025-08-30,Ward-6,23.6,45.5,68.9,32.5,16.5
2025-08-31,Ward-7,40.3,43.2,34.8,2.2,23.5
2025-08-31,Ward-1,35.3,64.9,71.3,39.2,26.5
2025-08-31,Ward-8,17.2,49.6,154.6,37.7,21.4
2025-09-01,Ward-9,34.4,49.8,17.0,50.0,21.7
2025-09-02,Ward-8,26.9,62.4,82.5,32.1,26.0
2025-09-02,Ward-8,16.3,44.0,182.0,48.4,17.5
2025-09-02,Ward-10,13.1,35.3,45.4,27.7,29.1
2025-09-03,Ward-10,25.5,58.1,45.2,4.9,7.0
2025-09-03,Ward-3,15.2,60.4,150.9,26.8,22.6
2025-09-03,Ward-6,21.3,90.7,131.4,14.5,24.6
2025-09-03,Ward-2,36.3,57.5,197.7,11.8,9.6
2025-09-04,Ward-5,20.3,94.6,8.6,36.2,28.8
2025-09-05,Ward-5,14.6,87.6,192.5,25.7,17.6
2025-09-05,Ward-7,22.1,48.4,112.5,18.6,5.9
2025-09-05,Ward-8,32.7,78.0,27.8,24.4,22.2
2025-09-06,Ward-10,24.7,25.8,122.7,34.5,8.1
2025-09-06,Ward-10,12.7,85.5,49.3,23.7,27.2
2025-09-06,Ward-7,27.6,77.7,104.7,47.0,23.7
2025-09-07,Ward-6,41.9,38.0,68.1,38.5,20.0
2025-09-07,Ward-4,21.1,90.3,153.6,11.1,16.1
2025-09-07,Ward-2,16.8,36.3,115.3,26.4,21.9
2025-09-07,Ward-6,24.6,31.9,155.8,37.6,13.5
2025-09-07,Ward-5,27.2,73.0,167.5,17.7,24.0
2025-09-07,Ward-2,39.8,65.7,11.2,4.8,12.2
2025-09-08,Ward-2,11.9,66.6,184.3,8.1,23.8
2025-09-08,Ward-1,34.0,22.4,162.8,34.3,20.2
2025-09-09,Ward-7,20.7,37.4,101.9,26.1,7.9
2025-09-09,Ward-2,20.9,20.9,29.0,0.1,9.5
2025-09-10,Ward-8,30.4,46.4,137.4,24.7,27.9
2025-09-10,Ward-4,37.8,80.7,173.4,38.9,12.8
2025-09-10,Ward-9,13.4,54.9,16.8,32.1,26.8
2025-09-10,Ward-10,15.3,25.9,68.4,34.1,26.1
2025-09-11,Ward-3,25.9,54.3,43.6,49.8,24.9
2025-09-11,Ward-6,28.3,36.6,164.7,19.0,22.1
2025-09-11,Ward-4,32.8,51.3,80.5,24.9,29.3
2025-09-12,Ward-9,35.5,45.1,17.7,25.1,17.9
2025-09-13,Ward-5,13.0,48.4,143.7,49.6,21.7
2025-09-13,Ward-1,12.3,49.5,197.4,34.3,21.7
2025-09-14,Ward-8,18.0,41.2,171.7,17.7,15.3
2025-09-14,Ward-1,10.9,77.6,55.8,5.3,8.2
2025-09-15,Ward-5,25.1,93.9,135.9,35.3,12.0
2025-09-16,Ward-9,11.9,43.1,15.1,6.9,22.9
2025-09-16,Ward-3,23.8,38.2,30.1,19.6,21.3
2025-09-16,Ward-2,19.5,46.7,20.5,22.8,13.8
2025-09-16,Ward-8,23.4,41.1,110.3,20.5,14.6
2025-09-17,Ward-8,38.7,90.0,114.8,7.0,21.4
2025-09-17,Ward-1,34.8,29.4,49.0,15.2,28.6
2025-09-17,Ward-4,12.0,44.7,58.7,4.1,23.8
2025-09-17,Ward-6,11.9,78.7,88.2,3.0,12.6
2025-09-18,Ward-1,18.9,47.7,158.8,49.1,5.6
2025-09-18,Ward-8,17.7,71.1,137.0,32.5,23.1
2025-09-18,Ward-3,35.6,47.3,60.8,16.0,29.8
2025-09-19,Ward-5,41.8,78.8,32.4,35.6,25.2
2025-09-19,Ward-10,22.5,34.3,121.0,28.4,17.1
2025-09-20,Ward-8,23.3,59.8,30.4,8.8,29.3
2025-09-20,Ward-9,32.5,45.0,196.4,19.7,17.6
2025-09-20,Ward-5,14.3,25.0,197.5,7.5,25.2
2025-09-20,Ward-5,29.8,46.5,198.2,42.1,6.2
2025-09-20,Ward-5,28.1,38.2,193.3,35.0,21.2
2025-09-21,Ward-2,36.2,78.8,162.7,20.2,16.9
2025-09-21,Ward-3,25.1,23.6,146.8,13.5,23.2
2025-09-21,Ward-8,30.0,74.5,27.5,27.1,11.6
2025-09-21,Ward-10,13.9,87.8,156.4,11.7,5.7
2025-09-23,Ward-10,39.1,93.7,62.1,30.7,14.0
2025-09-23,Ward-5,27.3,67.8,179.2,0.5,7.9
2025-09-24,Ward-3,41.8,80.6,125.8,6.7,7.6
2025-09-25,Ward-5,36.5,24.8,119.0,17.5,5.7
2025-09-25,Ward-6,29.9,75.5,193.8,16.0,16.4
2025-09-27,Ward-7,18.9,26.3,177.8,34.6,17.9
2025-09-27,Ward-7,15.8,92.3,161.3,4.7,7.2
2025-09-27,Ward-7,27.7,92.4,75.5,42.9,26.9
2025-09-28,Ward-2,27.3,28.9,72.4,10.0,7.1
2025-09-28,Ward-3,37.8,61.7,171.8,0.4,8.7
2025-09-28,Ward-4,19.9,78.1,63.8,5.3,24.4
2025-09-29,Ward-7,37.5,30.8,41.1,18.9,9.3
2025-09-29,Ward-2,35.7,73.5,195.7,37.9,20.0
2025-09-30,Ward-10,20.3,46.6,87.1,32.2,23.7
2025-10-01,Ward-5,37.5,63.6,33.6,47.8,5.7
